version,type,counts,resets,time
1.1.0,build,741,6,0.046694
1.1.0,build,11117,98,0.61119
1.1.0,build,2350,21,0.129055
1.1.0,build,5820,55,0.342891
1.1.0,build,832,7,0.04379
1.1.0,build,1013,8,0.063179
1.1.0,build,3714,33,0.204091
1.1.0,build,5248,47,0.300289
1.1.0,build,4424,39,0.254388
1.1.0,build,2986,27,0.161723
1.1.0,build,1827,16,0.101246
1.1.0,build,2753,28,0.15066
1.1.0,build,451,4,0.024268
1.1.0,build,2581,24,0.143192
1.1.0,build,2309,20,0.135812
1.1.0,build,10540,93,0.627292
1.1.0,build,746,7,0.048196
1.1.0,build,240,1,0.014786
1.1.0,build,436,3,0.029733
1.1.0,build,6125,54,0.339367
1.1.0,build,295,2,0.020689
1.1.0,build,16036,143,0.929731
1.1.0,build,2768,25,0.158818
1.1.0,build,3527,32,0.212823
1.1.0,build,2631,24,0.146967
1.1.0,build,7058,61,0.402544
1.1.0,build,1678,15,0.091441
1.1.0,build,7748,69,0.406528
1.1.0,build,1818,15,0.102933
1.1.0,build,5293,48,0.308559
1.1.0,build,5849,52,0.333083
1.1.0,build,5673,48,0.321762
1.1.0,build,154,1,0.008772
1.1.0,build,232,1,0.012471
1.1.0,build,4961,46,0.283682
1.1.0,build,3308,29,0.194947
1.1.0,build,1036,9,0.060636
1.1.0,build,8461,78,0.478535
1.1.0,build,371,2,0.019534
1.1.0,build,3755,34,0.210906
1.1.0,build,1266,11,0.076287
1.1.0,build,3153,26,0.189098
1.1.0,build,12684,117,0.721595
1.1.0,build,1758,17,0.100473
1.1.0,build,186,1,0.010039
1.1.0,build,1142,9,0.063695
1.1.0,build,595,6,0.035737
1.1.0,build,6012,57,0.35007
1.1.0,build,4593,42,0.253558
1.1.0,build,380,3,0.025965
1.1.0,build,17163,158,1.006508
1.1.0,build,5231,48,0.296966
1.1.0,build,4465,40,0.233551
1.1.0,build,87,0,0.005041
1.1.0,build,4146,37,0.249592
1.1.0,build,1870,17,0.106352
1.1.0,build,7026,61,0.390066
1.1.0,build,1072,9,0.054566
1.1.0,build,2086,19,0.116522
1.1.0,build,1204,11,0.064953
1.1.0,build,16554,149,0.934169
1.1.0,build,2125,18,0.125879
1.1.0,build,1603,14,0.094687
1.1.0,build,89,0,0.005286
1.1.0,build,5741,50,0.32429
1.1.0,build,4200,39,0.242236
1.1.0,build,6812,59,0.385139
1.1.0,build,1862,17,0.109781
1.1.0,build,5095,42,0.287709
1.1.0,build,289,2,0.018067
1.1.0,build,6127,54,0.344499
1.1.0,build,1962,17,0.118734
1.1.0,build,527,4,0.030725
1.1.0,build,1179,10,0.068661
1.1.0,build,18531,168,1.063311
1.1.0,build,89,0,0.005342
1.1.0,build,4525,40,0.252616
1.1.0,build,11729,106,0.656584
1.1.0,build,3179,26,0.168948
1.1.0,build,1202,9,0.062913
1.1.0,build,3061,26,0.172791
1.1.0,build,1122,9,0.062784
1.1.0,build,955,8,0.054468
1.1.0,build,3236,27,0.208279
1.1.0,build,1723,16,0.099944
1.1.0,build,6834,61,0.401451
1.1.0,build,3937,36,0.228621
1.1.0,build,9254,81,0.515296
1.1.0,build,2380,21,0.142933
1.1.0,build,2888,25,0.158524
1.1.0,build,7685,66,0.447156
1.1.0,build,9916,91,0.550673
1.1.0,build,1131,10,0.060245
1.1.0,build,3818,35,0.232417
1.1.0,build,186,1,0.010174
1.1.0,build,2663,24,0.149689
1.1.0,build,737,6,0.044904
1.1.0,build,1154,9,0.068944
1.1.0,build,6117,50,0.341519
1.1.0,build,230,1,0.016862
1.1.0,build,311,2,0.02359
1.1.0,build,2943,26,0.169112
1.1.0,build,7115,66,0.402654
1.1.0,build,4083,34,0.239047
1.1.0,build,3024,25,0.165537
1.1.0,build,1530,13,0.07819
1.1.0,build,1298,11,0.078097
1.1.0,build,3832,37,0.213807
1.1.0,build,224,1,0.013457
1.1.0,build,1857,16,0.097838
1.1.0,build,6990,61,0.396534
1.1.0,build,10478,95,0.579846
1.1.0,build,5284,47,0.286909
1.1.0,build,21189,186,1.194388
1.1.0,build,2294,21,0.139795
1.1.0,build,3041,28,0.16952
1.1.0,build,17445,154,0.973205
1.1.0,build,190,1,0.010536
1.1.0,build,1793,16,0.104707
1.1.0,build,1584,13,0.092969
1.1.0,build,1734,15,0.101571
1.1.0,build,5339,48,0.315465
1.1.0,build,1653,14,0.084587
1.1.0,build,6355,58,0.365645
1.1.0,build,1939,18,0.110974
1.1.0,build,21984,199,1.263772
1.1.0,build,1501,12,0.089922
1.1.0,build,95,0,0.006025
1.1.0,build,1135,10,0.064862
1.1.0,build,3232,29,0.171411
1.1.0,build,2310,21,0.136496
1.1.0,build,5608,51,0.310985
1.1.0,build,2456,21,0.131847
1.1.0,build,89,0,0.005164
1.1.0,build,4129,38,0.228296
1.1.0,build,7568,67,0.455483
1.1.0,build,2870,25,0.155382
1.1.0,build,4812,41,0.26515
1.1.0,build,4302,39,0.230792
1.1.0,build,14558,131,0.811563
1.1.0,build,8320,75,0.492984
1.1.0,build,12747,116,0.728989
1.1.0,build,1026,9,0.053917
1.1.0,build,11802,105,0.670149
1.1.0,build,2826,25,0.168688
1.1.0,build,329,2,0.01735
1.1.0,build,2548,23,0.147044
1.1.0,build,4088,35,0.246609
1.1.0,build,6673,62,0.391235
1.1.0,build,9213,86,0.522126
1.1.0,build,3842,33,0.217458
1.1.0,build,2689,24,0.147821
1.1.0,build,7709,70,0.451499
1.1.0,build,2105,18,0.126841
1.1.0,build,849,8,0.050682
1.1.0,build,1821,16,0.10353
1.1.0,build,11089,104,0.624589
1.1.0,build,888,7,0.05204
1.1.0,build,7634,71,0.436963
1.1.0,build,10583,94,0.573819
1.1.0,build,1573,14,0.103926
1.1.0,build,13122,117,0.721196
1.1.0,build,8678,77,0.481922
1.1.0,build,9773,86,0.571908
1.1.0,build,4666,39,0.258645
1.1.0,build,4598,39,0.253509
1.1.0,build,8064,73,0.452966
1.1.0,build,2576,23,0.139413
1.1.0,build,1375,12,0.077449
1.1.0,build,612,5,0.037816
1.1.0,build,3607,30,0.202354
1.1.0,build,2750,25,0.147953
1.1.0,build,3763,36,0.213313
1.1.0,build,7065,68,0.387383
1.1.0,build,1316,11,0.070071
1.1.0,build,652,5,0.039125
1.1.0,build,6874,59,0.38202
1.1.0,build,4054,37,0.231269
1.1.0,build,4074,37,0.226676
1.1.0,build,2316,19,0.124536
1.1.0,build,6852,61,0.389579
1.1.0,build,6123,56,0.358272
1.1.0,build,7725,68,0.427894
1.1.0,build,4776,43,0.276684
1.1.0,build,432,3,0.022816
1.1.0,build,2187,18,0.122483
1.1.0,build,962,7,0.058341
1.1.0,build,2277,20,0.129637
1.1.0,build,4278,39,0.247834
1.1.0,build,4893,44,0.265974
1.1.0,build,1251,12,0.082809
1.1.0,build,6273,54,0.353712
1.1.0,build,402,3,0.025554
1.1.0,build,8022,71,0.42473
1.1.0,build,6518,59,0.360456
1.1.0,build,259,2,0.019714
1.1.0,build,1672,15,0.099879
1.1.0,build,4504,41,0.252774
1.1.0,build,16742,153,0.942022
1.1.0,build,715,6,0.037684
1.1.0,build,7799,72,0.461956
1.1.0,build,5275,46,0.302201
1.1.0,build,1532,13,0.078569
1.1.0,build,3747,34,0.220079
1.1.0,build,2076,17,0.131161
1.1.0,build,9834,89,0.538667
1.1.0,build,4670,41,0.263047
1.1.0,build,1691,16,0.106194
1.1.0,build,23193,208,1.31959
1.1.0,build,376,3,0.026829
1.1.0,build,11823,112,0.66478
1.1.0,build,1716,15,0.1016
1.1.0,build,9104,81,0.534324
1.1.0,build,5402,49,0.314987
1.1.0,build,3322,29,0.197733
1.1.0,build,6272,55,0.353459
1.1.0,build,3213,30,0.178476
1.1.0,build,21826,197,1.236369
1.1.0,build,3832,33,0.238722
1.1.0,build,535,4,0.028689
1.1.0,build,10266,97,0.604025
1.1.0,build,14666,131,0.847536
1.1.0,build,4309,36,0.229864
1.1.0,build,3472,33,0.209911
1.1.0,build,2190,19,0.125001
1.1.0,build,8047,74,0.451965
1.1.0,build,4790,43,0.264969
1.1.0,build,4002,37,0.224679
1.1.0,build,4173,38,0.252925
1.1.0,build,19855,190,1.145624
1.1.0,build,6628,59,0.360958
1.1.0,build,3395,32,0.195289
1.1.0,build,4807,44,0.273726
1.1.0,build,5032,43,0.278051
1.1.0,build,93,0,0.005639
1.1.0,build,2337,20,0.131063
1.1.0,build,5044,45,0.276623
1.1.0,build,7931,70,0.450935
1.1.0,build,8989,80,0.513421
1.1.0,build,10505,94,0.594402
1.1.0,build,387,2,0.02004
1.1.0,build,8211,76,0.459676
1.1.0,build,2494,23,0.153167
1.1.0,build,7861,74,0.453726
1.1.0,build,676,5,0.04652
1.1.0,build,5332,47,0.304587
1.1.0,build,4197,36,0.237636
1.1.0,build,5501,52,0.317486
1.1.0,build,2695,22,0.157084
1.1.0,build,932,9,0.0506
1.1.0,build,3827,34,0.226158
1.1.0,build,951,8,0.057014
1.1.0,build,2982,27,0.165831
1.1.0,build,5549,48,0.32073
1.1.0,build,8247,76,0.460865
1.1.0,build,2838,27,0.164991
1.1.0,build,10770,97,0.607706
1.1.0,build,7694,67,0.437661
1.1.0,build,2760,27,0.161617
1.1.0,build,6086,53,0.350367
1.1.0,build,868,7,0.054473
1.1.0,build,7835,70,0.464365
1.1.0,build,3462,29,0.193518
1.1.0,build,1473,12,0.084455
1.1.0,build,559,4,0.034588
1.1.0,build,3074,25,0.173702
1.1.0,build,3557,32,0.216169
1.1.0,build,1828,15,0.103175
1.1.0,build,8850,79,0.48269
1.1.0,build,1164,9,0.069679
1.1.0,build,1483,12,0.080673
1.1.0,build,4274,37,0.253058
1.1.0,build,6675,62,0.3766
1.1.0,build,745,6,0.049845
1.1.0,build,4842,43,0.260548
1.1.0,build,1577,12,0.079093
1.1.0,build,2170,17,0.124351
1.1.0,build,2962,25,0.163658
1.1.0,build,5426,47,0.287507
1.1.0,build,3851,34,0.212316
1.1.0,build,15658,143,0.917557
1.1.0,build,2466,21,0.143494
1.1.0,build,17811,160,1.006622
1.1.0,build,2147,20,0.117879
1.1.0,build,5271,48,0.302284
1.1.0,build,2902,27,0.16845
1.1.0,build,5579,52,0.320432
1.1.0,build,5889,56,0.34733
1.1.0,build,13938,123,0.770174
1.1.0,build,7594,69,0.43931
1.1.0,build,2562,23,0.145558
1.1.0,build,1027,8,0.063637
1.1.0,build,14597,132,0.808377
1.1.0,build,1516,13,0.085175
1.1.0,build,1390,11,0.076249
1.1.0,build,3058,27,0.179082
1.1.0,build,4137,40,0.229883
1.1.0,build,2027,20,0.117563
1.1.0,build,3880,35,0.20564
1.1.0,build,2123,18,0.116508
1.1.0,solve,14175,216,0.550222
1.1.0,solve,5872,97,0.23107
1.1.0,solve,23264,359,0.910325
1.1.0,solve,33217,538,1.287818
1.1.0,solve,1288,23,0.053709
1.1.0,solve,5139,78,0.210736
1.1.0,solve,8446,141,0.334592
1.1.0,solve,1847,24,0.069733
1.1.0,solve,60811,962,2.315748
1.1.0,solve,7628,121,0.303838
1.1.0,solve,15775,246,0.60042
1.1.0,solve,42334,669,1.630054
1.1.0,solve,1331,16,0.054066
1.1.0,solve,8659,144,0.365331
1.1.0,solve,39872,621,1.540084
1.1.0,solve,18786,299,0.724324
1.1.0,solve,27223,404,1.042165
1.1.0,solve,13852,219,0.564573
1.1.0,solve,1508,21,0.064868
1.1.0,solve,25292,407,1.003636
1.1.0,solve,22415,338,0.868394
1.1.0,solve,458,5,0.022648
1.1.0,solve,10575,164,0.405911
1.1.0,solve,14110,229,0.563177
1.1.0,solve,9706,155,0.377456
1.1.0,solve,22771,356,0.875914
1.1.0,solve,22980,365,0.901456
1.1.0,solve,19577,314,0.759423
1.1.0,solve,99336,1573,3.848273
1.1.0,solve,4571,82,0.196511
1.1.0,solve,4591,70,0.184323
1.1.0,solve,30903,476,1.185789
1.1.0,solve,19842,333,0.773302
1.1.0,solve,49223,780,1.925821
1.1.0,solve,2351,36,0.095015
1.1.0,solve,47849,724,1.812763
1.1.0,solve,3036,53,0.132336
1.1.0,solve,41405,628,1.618723
1.1.0,solve,16563,260,0.63759
1.1.0,solve,19808,313,0.769653
1.1.0,solve,4773,78,0.204837
1.1.0,solve,11350,185,0.448908
1.1.0,solve,5823,92,0.233718
1.1.0,solve,9947,162,0.387929
1.1.0,solve,49155,756,1.887818
1.1.0,solve,12250,199,0.485423
1.1.0,solve,30877,486,1.1547
1.1.0,solve,9225,148,0.344176
1.1.0,solve,6785,108,0.268175
1.1.0,solve,1923,30,0.075143
1.1.0,solve,24476,385,0.930914
1.1.0,solve,10750,177,0.402844
1.1.0,solve,36820,591,1.459028
1.1.0,solve,2594,39,0.102602
1.1.0,solve,12618,195,0.480308
1.1.0,solve,303,4,0.011812
1.1.0,solve,36932,595,1.426179
1.1.0,solve,1957,28,0.075496
1.1.0,solve,19566,319,0.743255
1.1.0,solve,3910,61,0.154008
1.1.0,solve,16775,260,0.657992
1.1.0,solve,81,0,0.002009
1.1.0,solve,23351,354,0.87168
1.1.0,solve,1053,18,0.038329
1.1.0,solve,47177,752,1.909743
1.1.0,solve,41439,638,1.707263
1.1.0,solve,8525,140,0.351729
1.1.0,solve,3842,53,0.14009
1.1.0,solve,42511,670,1.649347
1.1.0,solve,9061,140,0.367604
1.1.0,solve,37834,591,1.565251
1.1.0,solve,4493,76,0.187714
1.1.0,solve,37217,574,1.49666
1.1.0,solve,16244,261,0.652463
1.1.0,solve,34674,567,1.386528
1.1.0,solve,6810,105,0.258664
1.1.0,solve,7564,123,0.291611
1.1.0,solve,65619,1046,2.524377
1.1.0,solve,2607,42,0.115308
1.1.0,solve,3958,65,0.166472
1.1.0,solve,38657,610,1.547019
1.1.0,solve,7960,119,0.331886
1.1.0,solve,34033,530,1.328281
1.1.0,solve,23955,382,0.940515
1.1.0,solve,31108,489,1.212326
1.1.0,solve,24984,407,0.955315
1.1.0,solve,23218,361,0.895247
1.1.0,solve,18812,285,0.731356
1.1.0,solve,10172,159,0.389621
1.1.0,solve,10827,162,0.417784
1.1.0,solve,53401,842,2.111175
1.1.0,solve,3003,44,0.113872
1.1.0,solve,22316,333,0.867089
1.1.0,solve,66618,1035,2.576318
1.1.0,solve,11043,172,0.432017
1.1.0,solve,36197,540,1.403942
1.1.0,solve,12026,197,0.464311
1.1.0,solve,20732,325,0.801674
1.1.0,solve,65091,1036,2.507244
1.1.0,solve,10014,159,0.35723
1.1.0,solve,12746,193,0.485849
1.1.0,solve,42220,671,1.670868
1.1.0,solve,23798,379,0.914647
1.1.0,solve,3231,50,0.120138
1.1.0,solve,81,0,0.002054
1.1.0,solve,20661,334,0.813959
1.1.0,solve,13294,205,0.507657
1.1.0,solve,31190,483,1.209683
1.1.0,solve,25663,400,0.960757
1.1.0,solve,47917,760,1.881245
1.1.0,solve,2969,42,0.116812
1.1.0,solve,45311,722,1.762781
1.1.0,solve,19075,298,0.753257
1.1.0,solve,12317,178,0.506382
1.1.0,solve,6559,98,0.24671
1.1.0,solve,38093,608,1.486923
1.1.0,solve,5809,86,0.23213
1.1.0,solve,10598,175,0.407847
1.1.0,solve,10326,157,0.406463
1.1.0,solve,42331,684,1.643501
1.1.0,solve,20223,314,0.760917
1.1.0,solve,14871,232,0.558657
1.1.0,solve,3945,60,0.144088
1.1.0,solve,20382,313,0.770095
1.1.0,solve,58228,927,2.259946
1.1.0,solve,29280,469,1.14727
1.1.0,solve,54456,857,2.097229
1.1.0,solve,7226,109,0.269288
1.1.0,solve,24805,380,0.955526
1.1.0,solve,29484,457,1.113189
1.1.0,solve,38175,598,1.476726
1.1.0,solve,6411,100,0.261664
1.1.0,solve,2988,45,0.112478
1.1.0,solve,28941,432,1.142738
1.1.0,solve,12411,190,0.54773
1.1.0,solve,1229,18,0.049804
1.1.0,solve,7089,112,0.276227
1.1.0,solve,26287,434,0.976221
1.1.0,solve,14147,234,0.528066
1.1.0,solve,46570,725,1.699995
1.1.0,solve,16966,257,0.637037
1.1.0,solve,845,14,0.037395
1.1.0,solve,6331,98,0.237795
1.1.0,solve,7487,130,0.312293
1.1.0,solve,40942,633,1.569562
1.1.0,solve,23966,383,0.920231
1.1.0,solve,1103,20,0.053362
1.1.0,solve,2626,41,0.106461
1.1.0,solve,57101,866,2.18042
1.1.0,solve,81,0,0.001982
1.1.0,solve,13033,206,0.490366
1.1.0,solve,1366,21,0.053771
1.1.0,solve,2424,37,0.090465
1.1.0,solve,45275,722,1.742217
1.1.0,solve,4456,63,0.180185
1.1.0,solve,40944,615,1.596067
1.1.0,solve,15740,231,0.586791
1.1.0,solve,8743,142,0.329635
1.1.0,solve,10596,163,0.392279
1.1.0,solve,11384,183,0.432658
1.1.0,solve,11213,176,0.467693
1.1.0,solve,1228,21,0.04583
1.1.0,solve,36964,585,1.443367
1.1.0,solve,3579,58,0.139091
1.1.0,solve,19838,297,0.76717
1.1.0,solve,8082,133,0.322906
1.1.0,solve,17490,273,0.659935
1.1.0,solve,18164,281,0.713476
1.1.0,solve,32154,503,1.255505
1.1.0,solve,28558,453,1.08934
1.1.0,solve,14654,229,0.572868
1.1.0,solve,28879,450,1.085049
1.1.0,solve,51418,801,1.979975
1.1.0,solve,29880,457,1.140845
1.1.0,solve,89620,1423,3.460787
1.1.0,solve,12690,199,0.500811
1.1.0,solve,42402,665,1.64842
1.1.0,solve,17272,285,0.643752
1.1.0,solve,9187,142,0.34088
1.1.0,solve,82812,1311,2.976018
1.1.0,solve,1952,29,0.079558
1.1.0,solve,4829,72,0.167198
1.1.0,solve,24162,375,0.891377
1.1.0,solve,677,8,0.027853
1.1.0,solve,10078,155,0.395034
1.1.0,solve,11071,186,0.409609
1.1.0,solve,29862,463,1.160843
1.1.0,solve,657,8,0.026087
1.1.0,solve,56240,891,2.135595
1.1.0,solve,19154,299,0.749032
1.1.0,solve,12974,209,0.502172
1.1.0,solve,15443,244,0.580443
1.1.0,solve,5540,81,0.210505
1.1.0,solve,4430,67,0.167215
1.1.0,solve,28172,463,1.090322
1.1.0,solve,20135,294,0.753866
1.1.0,solve,1935,32,0.075378
1.1.0,solve,8504,129,0.318036
1.1.0,solve,16364,253,0.651642
1.1.0,solve,66328,1037,2.563864
1.1.0,solve,57772,913,2.243243
1.1.0,solve,10786,163,0.405345
1.1.0,solve,81,0,0.002101
1.1.0,solve,10567,166,0.43233
1.1.0,solve,9412,149,0.356673
1.1.0,solve,2739,46,0.109962
1.1.0,solve,47800,769,1.826256
1.1.0,solve,2625,38,0.104156
1.1.0,solve,16496,271,0.658988
1.1.0,solve,46030,709,1.783679
1.1.0,solve,26031,414,1.017279
1.1.0,solve,24701,390,0.933347
1.1.0,solve,22513,358,0.825769
1.1.0,solve,13549,206,0.53125
1.1.0,solve,6407,102,0.242931
1.1.0,solve,19544,315,0.778391
1.1.0,solve,1926,29,0.084545
1.1.0,solve,4048,63,0.14877
1.1.0,solve,21113,328,0.809194
1.1.0,solve,3529,54,0.124134
1.1.0,solve,33546,539,1.297825
1.1.0,solve,26384,407,1.01603
1.1.0,solve,3237,50,0.128162
1.1.0,solve,20120,307,0.769369
1.1.0,solve,23905,384,0.924294
1.1.0,solve,4771,74,0.189931
1.1.0,solve,4471,74,0.17264
1.1.0,solve,2040,35,0.087093
1.1.0,solve,1141,18,0.047121
1.1.0,solve,1073,16,0.044036
1.1.0,solve,17673,280,0.680262
1.1.0,solve,10737,172,0.443949
1.1.0,solve,21131,344,0.822388
1.1.0,solve,26236,421,0.994903
1.1.0,solve,41246,649,1.599385
1.1.0,solve,3612,55,0.132567
1.1.0,solve,35095,564,1.360785
1.1.0,solve,4292,63,0.163145
1.1.0,solve,14534,229,0.543185
1.1.0,solve,52839,838,2.044511
1.1.0,solve,20790,331,0.791733
1.1.0,solve,25486,393,0.984747
1.1.0,solve,6181,96,0.238909
1.1.0,solve,3352,49,0.120474
1.1.0,solve,1402,19,0.050409
1.1.0,solve,13984,225,0.544826
1.1.0,solve,10255,158,0.386699
1.1.0,solve,16162,257,0.60107
1.1.0,solve,11439,174,0.421594
1.1.0,solve,65159,1002,2.665705
1.1.0,solve,2421,40,0.094108
1.1.0,solve,4884,75,0.195792
1.1.0,solve,29857,460,1.127135
1.1.0,solve,14760,225,0.563684
1.1.0,solve,1677,26,0.05881
1.1.0,solve,8104,123,0.299367
1.1.0,solve,13901,220,0.54609
1.1.0,solve,389,4,0.013648
1.1.0,solve,12201,204,0.462124
1.1.0,solve,5425,88,0.210044
1.1.0,solve,21817,322,0.83917
1.1.0,solve,25378,393,0.991918
1.1.0,solve,3744,57,0.142912
1.1.0,solve,34730,547,1.330536
1.1.0,solve,48872,763,1.894907
1.1.0,solve,30037,482,1.164703
1.1.0,solve,1068,15,0.043727
1.1.0,solve,162,1,0.00679
1.1.0,solve,1249,20,0.050565
1.1.0,solve,3531,52,0.129824
1.1.0,solve,3240,51,0.135105
1.1.0,solve,410,5,0.015379
1.1.0,solve,16569,262,0.647322
1.1.0,solve,35371,548,1.361218
1.1.0,solve,69752,1115,2.718921
1.1.0,solve,336,3,0.016763
1.1.0,solve,6185,90,0.2548
1.1.0,solve,94419,1498,3.716129
1.1.0,solve,9065,144,0.344521
1.1.0,solve,18952,289,0.739232
1.1.0,solve,119113,1854,4.611428
1.1.0,solve,147,2,0.006961
1.1.0,solve,7927,120,0.310526
1.1.0,solve,1028,19,0.040192
1.1.0,solve,24842,387,0.96135
1.1.0,solve,6974,109,0.269595
1.1.0,solve,38365,606,1.516785
1.1.0,solve,12480,193,0.475681
1.1.0,solve,20927,324,0.798304
1.1.0,solve,16421,252,0.635149
1.1.0,solve,49298,753,1.929384
1.1.0,solve,22085,334,0.870881
1.1.0,solve,4638,77,0.185828
1.1.0,solve,8214,127,0.317774
1.1.0,solve,1585,28,0.069157
1.1.0,solve,3605,58,0.15454
1.1.0,solve,19421,318,0.77394
1.1.0,solve,3142,53,0.137794
1.1.0,solve,17449,266,0.685246
1.1.0,solve,1642,23,0.0694
1.3.0,build,5956,53,0.142379
1.3.0,build,2538,23,0.060267
1.3.0,build,1246,11,0.02591
1.3.0,build,1979,16,0.045798
1.3.0,build,10979,102,0.25585
1.3.0,build,2452,21,0.052522
1.3.0,build,3085,28,0.064083
1.3.0,build,1528,13,0.036896
1.3.0,build,1923,16,0.040746
1.3.0,build,507,4,0.015714
1.3.0,build,9037,84,0.206673
1.3.0,build,5397,46,0.126
1.3.0,build,3777,32,0.090116
1.3.0,build,1755,16,0.042368
1.3.0,build,7321,64,0.168535
1.3.0,build,1709,14,0.036507
1.3.0,build,7003,60,0.157837
1.3.0,build,1801,14,0.037255
1.3.0,build,220,1,0.008083
1.3.0,build,4062,37,0.086794
1.3.0,build,1614,13,0.047366
1.3.0,build,5317,48,0.127153
1.3.0,build,331,2,0.009366
1.3.0,build,11629,108,0.252622
1.3.0,build,374,3,0.007892
1.3.0,build,5687,50,0.1349
1.3.0,build,1473,12,0.036916
1.3.0,build,3669,34,0.084612
1.3.0,build,3784,35,0.097622
1.3.0,build,633,6,0.015937
1.3.0,build,4569,40,0.105273
1.3.0,build,3917,34,0.08176
1.3.0,build,1968,17,0.046106
1.3.0,build,1781,14,0.0379
1.3.0,build,2760,25,0.070884
1.3.0,build,11147,100,0.261576
1.3.0,build,4612,41,0.102339
1.3.0,build,297,2,0.00609
1.3.0,build,4321,42,0.101679
1.3.0,build,1789,16,0.037131
1.3.0,build,2145,20,0.052848
1.3.0,build,7192,61,0.176504
1.3.0,build,1509,12,0.031529
1.3.0,build,4110,37,0.091026
1.3.0,build,416,3,0.008688
1.3.0,build,9113,80,0.218972
1.3.0,build,3885,34,0.094148
1.3.0,build,364,3,0.00867
1.3.0,build,1648,13,0.037012
1.3.0,build,4119,40,0.102646
1.3.0,build,3202,29,0.07817
1.3.0,build,1311,12,0.027175
1.3.0,build,81,0,0.001685
1.3.0,build,1836,15,0.049764
1.3.0,build,5487,52,0.129076
1.3.0,build,997,8,0.021214
1.3.0,build,13074,121,0.299761
1.3.0,build,2692,25,0.061574
1.3.0,build,2445,20,0.062263
1.3.0,build,11160,103,0.27403
1.3.0,build,1372,11,0.028884
1.3.0,build,5173,46,0.123046
1.3.0,build,3902,35,0.092366
1.3.0,build,10872,97,0.241258
1.3.0,build,23988,215,0.562242
1.3.0,build,6223,58,0.140865
1.3.0,build,2936,25,0.071842
1.3.0,build,1285,10,0.026944
1.3.0,build,7517,66,0.181204
1.3.0,build,13821,124,0.329278
1.3.0,build,12279,116,0.29042
1.3.0,build,3826,33,0.090999
1.3.0,build,3981,36,0.099157
1.3.0,build,801,6,0.020855
1.3.0,build,3267,30,0.073324
1.3.0,build,14115,126,0.330964
1.3.0,build,880,7,0.018511
1.3.0,build,248,1,0.00841
1.3.0,build,7748,69,0.192878
1.3.0,build,7401,66,0.165102
1.3.0,build,4792,41,0.119296
1.3.0,build,85,0,0.002921
1.3.0,build,3609,32,0.084875
1.3.0,build,2163,18,0.057976
1.3.0,build,1349,12,0.029121
1.3.0,build,1184,9,0.030406
1.3.0,build,230,1,0.004673
1.3.0,build,4824,45,0.116517
1.3.0,build,10587,96,0.244686
1.3.0,build,7972,73,0.176463
1.3.0,build,2632,25,0.061842
1.3.0,build,4599,42,0.109255
1.3.0,build,3575,30,0.086659
1.3.0,build,10755,100,0.252502
1.3.0,build,91,0,0.001882
1.3.0,build,2393,20,0.055449
1.3.0,build,1706,15,0.041779
1.3.0,build,3425,30,0.08843
1.3.0,build,14577,132,0.363955
1.3.0,build,1129,10,0.025636
1.3.0,build,2860,25,0.072014
1.3.0,build,6378,59,0.144078
1.3.0,build,568,5,0.011866
1.3.0,build,1572,13,0.03274
1.3.0,build,4308,39,0.092342
1.3.0,build,612,5,0.01596
1.3.0,build,1886,17,0.048729
1.3.0,build,7829,68,0.180646
1.3.0,build,394,3,0.012248
1.3.0,build,4677,44,0.111259
1.3.0,build,13156,117,0.288961
1.3.0,build,7481,68,0.175632
1.3.0,build,8425,76,0.19084
1.3.0,build,3475,30,0.071803
1.3.0,build,710,5,0.022386
1.3.0,build,3104,27,0.072825
1.3.0,build,2007,18,0.048459
1.3.0,build,965,8,0.020127
1.3.0,build,2746,23,0.061964
1.3.0,build,432,3,0.012574
1.3.0,build,4712,43,0.12099
1.3.0,build,582,5,0.013565
1.3.0,build,1546,15,0.03695
1.3.0,build,2162,19,0.051199
1.3.0,build,3340,31,0.075693
1.3.0,build,996,9,0.02647
1.3.0,build,1545,16,0.032217
1.3.0,build,6486,61,0.141654
1.3.0,build,3241,26,0.076517
1.3.0,build,11086,103,0.263182
1.3.0,build,1244,11,0.026046
1.3.0,build,3125,26,0.082183
1.3.0,build,2306,19,0.060975
1.3.0,build,449,4,0.012408
1.3.0,build,2518,21,0.057732
1.3.0,build,3743,34,0.080953
1.3.0,build,11934,109,0.280127
1.3.0,build,83,0,0.001732
1.3.0,build,2066,17,0.048393
1.3.0,build,1278,11,0.032452
1.3.0,build,14869,132,0.341584
1.3.0,build,3060,27,0.080935
1.3.0,build,4192,37,0.098226
1.3.0,build,3340,31,0.077792
1.3.0,build,331,2,0.00769
1.3.0,build,5503,50,0.133477
1.3.0,build,616,5,0.015039
1.3.0,build,2330,19,0.049472
1.3.0,build,2226,19,0.055331
1.3.0,build,1696,15,0.03558
1.3.0,build,657,6,0.025085
1.3.0,build,335,2,0.006918
1.3.0,build,983,8,0.021418
1.3.0,build,2939,26,0.061873
1.3.0,build,83,0,0.001722
1.3.0,build,2435,22,0.056475
1.3.0,build,154,1,0.00322
1.3.0,build,2877,24,0.065485
1.3.0,build,261,2,0.005419
1.3.0,build,5432,49,0.123918
1.3.0,build,150,1,0.006762
1.3.0,build,6114,55,0.137898
1.3.0,build,7851,72,0.174921
1.3.0,build,1673,14,0.041386
1.3.0,build,4495,38,0.105632
1.3.0,build,3614,31,0.081485
1.3.0,build,5549,50,0.116252
1.3.0,build,6944,63,0.164268
1.3.0,build,3232,29,0.071331
1.3.0,build,6030,55,0.135184
1.3.0,build,2072,19,0.057134
1.3.0,build,10798,99,0.253035
1.3.0,build,948,7,0.020242
1.3.0,build,5848,51,0.133143
1.3.0,build,6959,62,0.144149
1.3.0,build,85,0,0.001696
1.3.0,build,2952,25,0.072825
1.3.0,build,221,2,0.004626
1.3.0,build,1916,17,0.039428
1.3.0,build,1528,13,0.039419
1.3.0,build,892,7,0.020928
1.3.0,build,6523,60,0.16217
1.3.0,build,6262,59,0.143018
1.3.0,build,3874,37,0.089043
1.3.0,build,452,3,0.011514
1.3.0,build,4048,37,0.090676
1.3.0,build,5041,50,0.118541
1.3.0,build,285,2,0.007139
1.3.0,build,1005,8,0.025845
1.3.0,build,4147,36,0.091682
1.3.0,build,3367,28,0.083764
1.3.0,build,8487,74,0.200843
1.3.0,build,10386,95,0.22822
1.3.0,build,6754,61,0.159323
1.3.0,build,1001,8,0.026797
1.3.0,build,3191,30,0.073229
1.3.0,build,152,1,0.003389
1.3.0,build,11400,103,0.260415
1.3.0,build,4040,37,0.087593
1.3.0,build,20660,185,0.471402
1.3.0,build,5634,53,0.130568
1.3.0,build,12174,107,0.268568
1.3.0,build,89,0,0.001783
1.3.0,build,1812,15,0.049111
1.3.0,build,6990,61,0.150919
1.3.0,build,8074,75,0.183327
1.3.0,build,85,0,0.002011
1.3.0,build,4626,41,0.109463
1.3.0,build,2996,27,0.073956
1.3.0,build,398,3,0.010068
1.3.0,build,12254,115,0.277954
1.3.0,build,3766,33,0.083878
1.3.0,build,1851,16,0.039156
1.3.0,build,362,3,0.007394
1.3.0,build,1754,15,0.036276
1.3.0,build,596,5,0.013059
1.3.0,build,4143,38,0.092615
1.3.0,build,444,3,0.014833
1.3.0,build,8513,76,0.195057
1.3.0,build,2980,27,0.072752
1.3.0,build,1691,16,0.038018
1.3.0,build,337,2,0.012329
1.3.0,build,1235,10,0.026685
1.3.0,build,12389,116,0.288312
1.3.0,build,8665,80,0.197359
1.3.0,build,6433,62,0.155388
1.3.0,build,650,5,0.013185
1.3.0,build,1303,12,0.027556
1.3.0,build,2718,25,0.066705
1.3.0,build,7582,69,0.165719
1.3.0,build,1951,16,0.047442
1.3.0,build,3352,29,0.076774
1.3.0,build,1516,13,0.031636
1.3.0,build,8669,80,0.213909
1.3.0,build,501,4,0.011522
1.3.0,build,578,5,0.013026
1.3.0,build,83,0,0.001879
1.3.0,build,8008,75,0.191237
1.3.0,build,2248,21,0.046612
1.3.0,build,7229,66,0.168828
1.3.0,build,226,1,0.008632
1.3.0,build,381,2,0.009419
1.3.0,build,180,1,0.003972
1.3.0,build,702,5,0.021054
1.3.0,build,3875,36,0.085671
1.3.0,build,1714,15,0.037628
1.3.0,build,11623,104,0.258957
1.3.0,build,348,3,0.007528
1.3.0,build,1106,9,0.02864
1.3.0,build,1754,17,0.038039
1.3.0,build,961,8,0.028305
1.3.0,build,2869,26,0.0691
1.3.0,build,5803,54,0.131265
1.3.0,build,1661,14,0.03517
1.3.0,build,11655,106,0.265406
1.3.0,build,2102,17,0.044392
1.3.0,build,1027,10,0.025961
1.3.0,build,6296,55,0.138343
1.3.0,build,3116,25,0.070905
1.3.0,build,1122,9,0.023299
1.3.0,build,3049,26,0.080588
1.3.0,build,3327,30,0.077859
1.3.0,build,2183,18,0.050744
1.3.0,build,7396,65,0.172067
1.3.0,build,499,4,0.010761
1.3.0,build,4508,41,0.106617
1.3.0,build,83,0,0.00164
1.3.0,build,999,8,0.026122
1.3.0,build,1384,13,0.029695
1.3.0,build,15197,132,0.339538
1.3.0,build,11950,109,0.290218
1.3.0,build,2418,21,0.053863
1.3.0,build,14534,133,0.334399
1.3.0,build,5337,48,0.123505
1.3.0,build,2987,26,0.068654
1.3.0,build,4765,46,0.117987
1.3.0,build,15269,142,0.340457
1.3.0,build,5132,47,0.117025
1.3.0,build,2190,19,0.045547
1.3.0,build,17083,158,0.398909
1.3.0,build,12634,113,0.309571
1.3.0,build,2150,19,0.057756
1.3.0,build,982,9,0.027508
1.3.0,build,458,3,0.01031
1.3.0,build,13902,123,0.352986
1.3.0,build,3373,32,0.083402
1.3.0,build,9495,84,0.225055
1.3.0,build,836,7,0.021344
1.3.0,build,1813,16,0.039635
1.3.0,build,13032,119,0.301544
1.3.0,build,2215,20,0.05359
1.3.0,build,742,7,0.021745
1.3.0,build,775,6,0.016264
1.3.0,build,560,5,0.011869
1.3.0,build,7280,67,0.165122
1.3.0,build,996,7,0.027069
1.3.0,build,9851,88,0.237997
1.3.0,build,3777,34,0.099279
1.3.0,build,7425,70,0.17444
1.3.0,build,737,6,0.018738
1.3.0,solve,19640,301,0.248455
1.3.0,solve,16243,240,0.20774
1.3.0,solve,2926,49,0.038025
1.3.0,solve,16222,251,0.199087
1.3.0,solve,40751,620,0.499628
1.3.0,solve,10743,160,0.13545
1.3.0,solve,10441,158,0.12378
1.3.0,solve,75920,1195,0.938184
1.3.0,solve,479,6,0.006688
1.3.0,solve,28496,461,0.368274
1.3.0,solve,9962,159,0.122745
1.3.0,solve,8159,124,0.098817
1.3.0,solve,21551,324,0.268265
1.3.0,solve,23046,363,0.264538
1.3.0,solve,15123,238,0.181738
1.3.0,solve,24127,392,0.292281
1.3.0,solve,45763,714,0.591011
1.3.0,solve,5225,80,0.058964
1.3.0,solve,44586,721,0.554155
1.3.0,solve,25167,392,0.320869
1.3.0,solve,9208,145,0.118808
1.3.0,solve,27976,443,0.345451
1.3.0,solve,10841,168,0.124468
1.3.0,solve,11175,174,0.146002
1.3.0,solve,35641,570,0.445857
1.3.0,solve,20264,327,0.248959
1.3.0,solve,4947,72,0.0619
1.3.0,solve,2947,48,0.039592
1.3.0,solve,3925,64,0.050512
1.3.0,solve,28414,451,0.354855
1.3.0,solve,1710,25,0.024485
1.3.0,solve,84929,1372,1.027177
1.3.0,solve,12156,189,0.154
1.3.0,solve,5060,87,0.062426
1.3.0,solve,88719,1396,1.090893
1.3.0,solve,17116,273,0.207496
1.3.0,solve,4513,70,0.054868
1.3.0,solve,21346,341,0.246088
1.3.0,solve,25998,405,0.316721
1.3.0,solve,8259,130,0.097862
1.3.0,solve,549,8,0.011938
1.3.0,solve,11341,168,0.130277
1.3.0,solve,63200,979,0.733328
1.3.0,solve,34375,540,0.401479
1.3.0,solve,9097,154,0.10991
1.3.0,solve,33546,537,0.414176
1.3.0,solve,14887,240,0.177629
1.3.0,solve,4545,66,0.058067
1.3.0,solve,11895,184,0.134053
1.3.0,solve,6967,108,0.081175
1.3.0,solve,83627,1312,1.026538
1.3.0,solve,2022,31,0.024787
1.3.0,solve,9211,144,0.110243
1.3.0,solve,2663,42,0.036038
1.3.0,solve,12776,207,0.156794
1.3.0,solve,1759,32,0.02015
1.3.0,solve,32187,486,0.388366
1.3.0,solve,1350,19,0.016428
1.3.0,solve,15761,238,0.193387
1.3.0,solve,53551,818,0.642935
1.3.0,solve,10822,177,0.133728
1.3.0,solve,1051,16,0.011876
1.3.0,solve,6758,109,0.082998
1.3.0,solve,27733,438,0.32747
1.3.0,solve,3279,54,0.037588
1.3.0,solve,14998,227,0.171492
1.3.0,solve,15341,242,0.172313
1.3.0,solve,28343,450,0.349755
1.3.0,solve,7075,114,0.085659
1.3.0,solve,14043,212,0.163492
1.3.0,solve,11845,188,0.156551
1.3.0,solve,28589,456,0.341578
1.3.0,solve,39355,626,0.476691
1.3.0,solve,36128,571,0.417926
1.3.0,solve,21810,347,0.255896
1.3.0,solve,3581,54,0.045029
1.3.0,solve,25889,422,0.312808
1.3.0,solve,4661,70,0.065378
1.3.0,solve,15778,245,0.182136
1.3.0,solve,34882,539,0.411501
1.3.0,solve,5070,85,0.069849
1.3.0,solve,22795,384,0.26834
1.3.0,solve,97251,1524,1.177481
1.3.0,solve,8977,138,0.110259
1.3.0,solve,11122,169,0.1431
1.3.0,solve,22807,362,0.278625
1.3.0,solve,14635,222,0.177811
1.3.0,solve,59263,936,0.695554
1.3.0,solve,9175,136,0.116355
1.3.0,solve,17102,273,0.21668
1.3.0,solve,12629,208,0.159169
1.3.0,solve,1332,17,0.019878
1.3.0,solve,45436,721,0.525454
1.3.0,solve,9415,148,0.124416
1.3.0,solve,36508,577,0.442161
1.3.0,solve,5251,80,0.062751
1.3.0,solve,20434,313,0.232614
1.3.0,solve,15669,246,0.185634
1.3.0,solve,5104,79,0.056549
1.3.0,solve,6088,93,0.072303
1.3.0,solve,30296,471,0.368571
1.3.0,solve,334,3,0.004222
1.3.0,solve,4163,62,0.045847
1.3.0,solve,9505,144,0.118837
1.3.0,solve,12005,188,0.13476
1.3.0,solve,72457,1132,0.873482
1.3.0,solve,2982,45,0.03937
1.3.0,solve,4081,66,0.044662
1.3.0,solve,19047,288,0.220346
1.3.0,solve,24375,382,0.289966
1.3.0,solve,4049,64,0.060289
1.3.0,solve,31662,473,0.378601
1.3.0,solve,16713,260,0.199314
1.3.0,solve,20305,306,0.244091
1.3.0,solve,15746,237,0.198947
1.3.0,solve,601,12,0.008143
1.3.0,solve,41225,654,0.501976
1.3.0,solve,12995,202,0.157004
1.3.0,solve,13342,213,0.168808
1.3.0,solve,12858,199,0.156702
1.3.0,solve,41460,645,0.50249
1.3.0,solve,29745,466,0.355245
1.3.0,solve,22928,367,0.27362
1.3.0,solve,28453,448,0.340966
1.3.0,solve,6238,85,0.072921
1.3.0,solve,12600,195,0.143407
1.3.0,solve,72365,1150,0.859787
1.3.0,solve,4112,59,0.04997
1.3.0,solve,776,13,0.008852
1.3.0,solve,30095,470,0.36761
1.3.0,solve,6167,100,0.087116
1.3.0,solve,639,10,0.007685
1.3.0,solve,15355,248,0.182386
1.3.0,solve,50249,808,0.594933
1.3.0,solve,931,12,0.010894
1.3.0,solve,3947,58,0.054309
1.3.0,solve,2284,33,0.026092
1.3.0,solve,23843,366,0.288952
1.3.0,solve,2428,43,0.027035
1.3.0,solve,3651,62,0.040159
1.3.0,solve,32255,490,0.408179
1.3.0,solve,41142,633,0.505987
1.3.0,solve,65346,1031,0.755612
1.3.0,solve,25273,390,0.303872
1.3.0,solve,40861,650,0.469058
1.3.0,solve,19211,312,0.234627
1.3.0,solve,18232,297,0.224888
1.3.0,solve,15712,241,0.176251
1.3.0,solve,2450,39,0.032189
1.3.0,solve,12244,199,0.156756
1.3.0,solve,18005,290,0.222131
1.3.0,solve,3646,57,0.045792
1.3.0,solve,14334,233,0.175305
1.3.0,solve,36864,593,0.422154
1.3.0,solve,36919,578,0.424553
1.3.0,solve,13990,213,0.177348
1.3.0,solve,33333,518,0.391346
1.3.0,solve,6985,122,0.081286
1.3.0,solve,17901,284,0.21399
1.3.0,solve,4955,78,0.059846
1.3.0,solve,42285,674,0.505372
1.3.0,solve,18610,291,0.219347
1.3.0,solve,58921,930,0.690483
1.3.0,solve,43788,697,0.523167
1.3.0,solve,19017,304,0.222218
1.3.0,solve,5253,74,0.064582
1.3.0,solve,1034,13,0.011524
1.3.0,solve,14120,213,0.173923
1.3.0,solve,39733,626,0.465423
1.3.0,solve,14654,223,0.185348
1.3.0,solve,15979,260,0.20407
1.3.0,solve,10461,168,0.125476
1.3.0,solve,41046,651,0.476565
1.3.0,solve,36222,559,0.442169
1.3.0,solve,13434,201,0.16
1.3.0,solve,8955,142,0.110266
1.3.0,solve,26762,421,0.312968
1.3.0,solve,9980,155,0.114268
1.3.0,solve,17342,267,0.215453
1.3.0,solve,73159,1158,0.861754
1.3.0,solve,19789,308,0.248487
1.3.0,solve,14123,206,0.174993
1.3.0,solve,19343,310,0.235784
1.3.0,solve,50077,792,0.594239
1.3.0,solve,12778,201,0.149727
1.3.0,solve,21161,344,0.248815
1.3.0,solve,1839,26,0.020811
1.3.0,solve,61996,965,0.756355
1.3.0,solve,10449,158,0.128758
1.3.0,solve,6056,99,0.072547
1.3.0,solve,21314,343,0.266488
1.3.0,solve,51536,793,0.620086
1.3.0,solve,2422,35,0.03211
1.3.0,solve,550,7,0.006862
1.3.0,solve,26522,409,0.308172
1.3.0,solve,40599,636,0.483222
1.3.0,solve,7092,115,0.09571
1.3.0,solve,12107,184,0.146169
1.3.0,solve,3668,57,0.040613
1.3.0,solve,24550,383,0.297139
1.3.0,solve,30733,488,0.374973
1.3.0,solve,13029,220,0.16127
1.3.0,solve,55879,880,0.682003
1.3.0,solve,68068,1073,0.814438
1.3.0,solve,30350,471,0.373837
1.3.0,solve,19599,298,0.233739
1.3.0,solve,6926,103,0.085749
1.3.0,solve,3918,59,0.053231
1.3.0,solve,12112,181,0.150646
1.3.0,solve,81860,1251,0.97751
1.3.0,solve,6377,98,0.079107
1.3.0,solve,79023,1224,0.962138
1.3.0,solve,14961,220,0.181254
1.3.0,solve,2562,39,0.028263
1.3.0,solve,15345,248,0.185578
1.3.0,solve,37323,606,0.449212
1.3.0,solve,8491,136,0.091903
1.3.0,solve,22047,332,0.273649
1.3.0,solve,9174,137,0.114428
1.3.0,solve,10545,162,0.125321
1.3.0,solve,19598,299,0.242611
1.3.0,solve,13350,203,0.163405
1.3.0,solve,28986,451,0.359001
1.3.0,solve,63183,992,0.800912
1.3.0,solve,28083,450,0.364129
1.3.0,solve,2554,39,0.03453
1.3.0,solve,7794,115,0.107077
1.3.0,solve,851,12,0.014886
1.3.0,solve,1482,25,0.020325
1.3.0,solve,26671,424,0.363637
1.3.0,solve,43186,683,0.540997
1.3.0,solve,14967,216,0.185846
1.3.0,solve,100447,1580,1.18772
1.3.0,solve,14344,229,0.176636
1.3.0,solve,11292,173,0.13452
1.3.0,solve,39416,615,0.469018
1.3.0,solve,24200,393,0.27836
1.3.0,solve,3402,55,0.041078
1.3.0,solve,4708,69,0.055377
1.3.0,solve,14315,220,0.180731
1.3.0,solve,23506,363,0.284784
1.3.0,solve,33147,532,0.392175
1.3.0,solve,23118,357,0.270234
1.3.0,solve,12118,193,0.167367
1.3.0,solve,4584,71,0.058546
1.3.0,solve,37621,588,0.473402
1.3.0,solve,9818,155,0.127878
1.3.0,solve,7700,123,0.089479
1.3.0,solve,4616,69,0.056108
1.3.0,solve,6753,106,0.08525
1.3.0,solve,18581,286,0.232622
1.3.0,solve,114,1,0.002015
1.3.0,solve,33574,519,0.399617
1.3.0,solve,22710,351,0.276883
1.3.0,solve,16562,269,0.20783
1.3.0,solve,28291,424,0.335775
1.3.0,solve,45637,730,0.539929
1.3.0,solve,6558,103,0.082387
1.3.0,solve,76787,1200,0.922723
1.3.0,solve,30864,477,0.382625
1.3.0,solve,34273,540,0.425264
1.3.0,solve,6220,93,0.081723
1.3.0,solve,22908,353,0.27178
1.3.0,solve,2093,28,0.023131
1.3.0,solve,8547,134,0.098769
1.3.0,solve,27515,436,0.312164
1.3.0,solve,21343,336,0.255845
1.3.0,solve,7466,121,0.089088
1.3.0,solve,44261,678,0.535507
1.3.0,solve,13881,218,0.156155
1.3.0,solve,49645,784,0.582925
1.3.0,solve,13771,212,0.171656
1.3.0,solve,3914,63,0.052178
1.3.0,solve,624,9,0.007289
1.3.0,solve,4300,61,0.052371
1.3.0,solve,1866,27,0.026029
1.3.0,solve,1110,17,0.013214
1.3.0,solve,80856,1277,0.97581
1.3.0,solve,15232,233,0.186738
1.3.0,solve,28303,440,0.347254
1.3.0,solve,46594,739,0.581043
1.3.0,solve,748,9,0.008631
1.3.0,solve,569,10,0.006809
1.3.0,solve,28122,449,0.329194
1.3.0,solve,11297,180,0.12842
1.3.0,solve,19444,307,0.236428
1.3.0,solve,81,0,0.001127
1.3.0,solve,535,6,0.007158
1.3.0,solve,19910,313,0.238587
1.3.0,solve,723,10,0.013901
1.3.0,solve,12908,193,0.154926
1.3.0,solve,4312,77,0.052754
1.3.0,solve,14869,236,0.182584
1.3.0,solve,5740,85,0.075974
1.3.0,solve,14646,229,0.187584
1.3.0,solve,12301,196,0.158501
1.3.0,solve,33639,526,0.401503
1.3.0,solve,6934,111,0.075591
1.3.0,solve,12133,194,0.142954
1.3.0,solve,15459,238,0.191903
